Comment,Center-X(mil),Center-Y(mil),Designator,Layer,Rotation
2450AT18B100E,"2,492,125","4,007,875",ANT1,TopLayer,180
10uF 10V 0402 X5R,"2,803,150","2,937,008",C1,BottomLayer,0
10uF 10V 0402 X5R,"2,783,465","2,877,953",C2,BottomLayer,0
22uF 10V 0603 X5R,"3,503,937","3,407,480",C3,TopLayer,270
10uF 10V 0402 X5R,"3,322,835","3,834,646",C4,BottomLayer,180
100nF 50V 0402 X7R,"3,338,583","3,787,402",C5,BottomLayer,270
10uF 10V 0402 X5R,"3,137,795","3,066,929",C6,TopLayer,180
100nF 50V 0402 X7R,"2,889,764","2,921,260",C7,BottomLayer,90
100nF 50V 0402 X7R,"3,137,795","3,031,496",C8,TopLayer,180
22uF 10V 0603 X5R,"3,299,213","3,413,386",C9,TopLayer,270
100nF 50V 0402 X7R,"3,149,606","3,078,740",C10,BottomLayer,90
22uF 10V 0603 X5R,"3,299,213","3,503,937",C11,BottomLayer,90
22uF 10V 0603 X5R,"3,299,213","3,503,937",C12,TopLayer,90
22uF 10V 0603 X5R,"3,299,213","3,413,386",C13,BottomLayer,270
10uF 10V 0402 X5R,"3,114,173","3,078,740",C14,BottomLayer,270
100nF 50V 0402 X7R,"3,078,740","3,078,740",C15,BottomLayer,90
22uF 10V 0603 X5R,"3,503,937","3,503,937",C16,TopLayer,90
100nF 50V 0402 X7R,"3,362,205","3,547,244",C17,BottomLayer,0
100nF 50V 0402 X7R,"3,078,740","3,015,748",C18,BottomLayer,270
10uF 10V 0402 X5R,"3,114,173","3,015,748",C19,BottomLayer,90
10uF 10V 0402 X5R,"2,817,913","3,519,685",C25,BottomLayer,0
10uF 10V 0402 X5R,"2,708,661","3,271,653",C26,TopLayer,0
100nF 50V 0402 X7R,"2,708,661","3,307,087",C27,TopLayer,0
100nF 50V 0402 X7R,"2,885,827","3,473,425",C28,BottomLayer,90
DNP 0402,"3,035,433","3,464,567",C29,BottomLayer,270
10uF 10V 0402 X5R,"2,625,984","2,834,646",C32,BottomLayer,90
100nF 50V 0402 X7R,"2,590,551","2,834,646",C33,BottomLayer,90
10uF 10V 0402 X5R,"2,677,165","3,133,858",C34,BottomLayer,180
100nF 50V 0402 X7R,"2,677,165","3,169,291",C35,BottomLayer,180
100nF 50V 0402 X7R,"2,915,353","3,594,489",C36,BottomLayer,90
100pF 50V 0402 C0G,"2,875,983","3,885,828",C37,BottomLayer,270
100nF 50V 0402 X7R,"2,842,519","3,885,828",C38,BottomLayer,270
100nF 50V 0402 X7R,"2,777,558","3,885,828",C39,BottomLayer,270
100pF 50V 0402 C0G,"2,809,054","3,885,828",C40,BottomLayer,270
10uF 10V 0402 X5R,"2,970,472","3,889,765",C41,BottomLayer,270
100nF 50V 0402 X7R,"2,935,038","3,889,765",C42,BottomLayer,270
100nF 50V 0402 X7R,"2,842,519","3,694,883",C43,BottomLayer,0
100nF 50V 0402 X7R,"3,078,739","3,625,985",C44,BottomLayer,135
4.7uF 10V 0402 X5R,"2,842,519","3,627,954",C45,BottomLayer,0
100nF 50V 0402 X7R,"2,842,519","3,661,418",C46,BottomLayer,0
4.7uF 10V 0402 X5R,"2,775,590","3,740,159",C47,TopLayer,90
100nF 50V 0402 X7R,"2,720,472","3,625,001",C48,TopLayer,270
100nF 50V 0402 X7R,"3,165,353","3,760,828",C49,TopLayer,270
10uF 10V 0402 X5R,"3,200,786","3,760,828",C50,TopLayer,270
10uF 10V 0402 X5R,"3,271,653","3,760,828",C51,TopLayer,90
15pF 50V 0402 C0G,"3,157,479","3,598,426",C52,TopLayer,225
15pF 50V 0402 C0G,"3,200,786","3,641,733",C53,TopLayer,45
6pF 50V 0402 C0G,"2,779,526","3,901,576",C54,TopLayer,90
6pF 50V 0402 C0G,"2,779,526","3,838,584",C55,TopLayer,270
DNP 0402,"2,755,905","3,991,143",C56,TopLayer,270
DNP 0402,"2,661,416","3,991,143",C57,TopLayer,270
10uF 10V 0402 X5R,"3,673,228","3,913,385",C80,TopLayer,270
100nF 50V 0402 X7R,"3,637,795","3,913,385",C81,TopLayer,270
100nF 50V 0402 X7R,"3,594,488","3,897,637",C82,BottomLayer,0
100nF 50V 0402 X7R,"3,531,496","3,984,252",C83,BottomLayer,270
15pF 50V 0402 C0G,"3,578,740","3,838,582",C84,TopLayer,0
15pF 50V 0402 C0G,"3,515,748","3,838,582",C85,TopLayer,180
100nF 50V 0402 X7R,"3,311,024","4,003,937",C86,BottomLayer,90
100nF 50V 0402 X7R,"3,275,590","4,003,937",C87,BottomLayer,90
10uF 10V 0402 X5R,"3,240,157","4,003,937",C88,BottomLayer,90
SP3031-01ETG,"2,783,465","2,838,583",D1,BottomLayer,180
TVS0500DRVR,"3,456,693","3,204,724",D2,TopLayer,225
1N5819WS,"2,755,905","3,437,008",D3,BottomLayer,270
1N5819WS,"2,834,646","3,437,008",D4,TopLayer,270
1N5819WS,"2,834,646","3,437,008",D5,BottomLayer,270
SP3031-01ETG,"2,523,622","3,460,630",D6,BottomLayer,180
SM712,"2,507,874","3,374,016",D7,BottomLayer,180
SP3031-01ETG,"3,618,110","3,311,024",D8,BottomLayer,0
SM712,"3,649,606","3,397,638",D9,BottomLayer,0
ESD351DPYR,"3,070,866","2,838,583",D10,BottomLayer,0
SP3031-01ETG,"3,110,236","3,460,630",D11,BottomLayer,90
SP3031-01ETG,"2,893,701","3,334,646",D12,TopLayer,180
SP3031-01ETG,"2,893,701","3,421,260",D13,TopLayer,180
RGB LED,"3,070,866","3,161,417",D20,TopLayer,0
1N5819WS,"2,523,622","2,771,654",D21,BottomLayer,180
1N5819WS,"2,677,165","3,047,244",D22,BottomLayer,270
BLM15AX102SN1D,"3,322,835","3,870,079",FB1,BottomLayer,0
BLM21SP111SN1D,"3,503,937","3,456,693",FB2,BottomLayer,90
BLM15AX102SN1D,"3,188,976","3,051,181",FB3,TopLayer,270
BLM15AX102SN1D,"2,657,480","3,288,386",FB4,TopLayer,270
BLM15AX102SN1D,"3,130,905","3,125,984",FB5,BottomLayer,180
BLM15AX102SN1D,"2,622,047","2,783,465",FB6,BottomLayer,180
BLM15AX102SN1D,"2,677,165","3,204,724",FB7,BottomLayer,0
BLM15AX102SN1D,"2,825,786","3,933,072",FB8,BottomLayer,180
BLM15AX102SN1D,"3,236,220","3,760,828",FB9,TopLayer,270
BLM15AX102SN1D,"2,970,472","3,952,757",FB10,BottomLayer,270
BLM15AX102SN1D,"3,708,661","3,913,386",FB14,TopLayer,90
BLM15AX102SN1D,"3,240,157","3,940,945",FB15,BottomLayer,270
TYPEC-304J-BCP16,"3,503,742","2,952,951",J1,TopLayer,45
1uH 3.3A 1008,"3,401,575","3,338,583",L2,TopLayer,0
10nF 300mA 0402,"2,775,590","3,690,946",L4,TopLayer,0
10uH 400mA 0603,"2,721,456","3,718,505",L5,TopLayer,270
0R 0402,"2,708,660","4,007,875",L6,TopLayer,180
SMD BUZZER,"2,748,032","3,106,299",LS1,TopLayer,270
JST-GH-04P-RA,"2,496,063","3,385,827",P2,TopLayer,270
JST-GH-04P-RA,"3,645,669","3,385,827",P3,TopLayer,90
1X2P 2.54mm Male Header,"3,070,866","2,771,653",P4,TopLayer,0
AO3400A,"2,503,937","2,874,016",Q1,BottomLayer,270
AO3400A,"2,779,527","3,055,118",Q2,BottomLayer,270
2K 0402,"2,696,850","2,937,008",R1,TopLayer,270
137k 0402,"2,854,331","2,858,268",R2,BottomLayer,270
137K 0402,"2,696,850","2,874,016",R3,TopLayer,270
137k 0402,"2,854,331","2,921,260",R4,BottomLayer,270
10k 0402,"3,440,945","3,503,937",R5,BottomLayer,180
22R 0402,"3,031,495","3,952,757",R6,TopLayer,90
22R 0402,"2,858,268","3,566,929",R7,TopLayer,180
768k 0402,"3,342,520","3,456,693",R8,BottomLayer,90
137k 0402,"3,359,252","3,503,937",R9,BottomLayer,180
30.9K 0402,"3,480,315","2,822,835",R10,BottomLayer,225
10k 0402,"3,523,622","2,866,142",R11,BottomLayer,225
22R 0402,"3,066,928","3,952,757",R12,TopLayer,90
22R 0402,"3,665,354","3,749,016",R13,TopLayer,0
5.1K 0402,"3,358,268","3,062,992",R14,TopLayer,225
5.1K 0402,"3,405,512","3,110,236",R15,TopLayer,45
10k 0402,"2,740,157","3,476,378",R16,TopLayer,0
10k 0402,"2,740,157","3,440,945",R17,TopLayer,0
0R 0402,"2,637,795","3,370,079",R18,TopLayer,270
120R 0402,"2,637,795","3,437,008",R19,TopLayer,270
2K 0402,"3,070,866","3,464,567",R20,BottomLayer,270
5.1K 0402,"2,901,575","3,374,016",R21,BottomLayer,90
0R 0402,"2,956,693","3,385,827",R22,BottomLayer,180
DNP 0402,"2,956,693","3,346,457",R23,BottomLayer,0
10k 0402,"2,901,575","3,311,024",R24,BottomLayer,270
20K 0.1% 0603,"2,925,197","2,799,213",R25,TopLayer,90
20K 0.1% 0603,"3,248,032","2,818,898",R26,TopLayer,0
20K 0.1% 0603,"2,929,134","3,011,811",R27,TopLayer,90
1K 0402,"2,976,378","3,196,850",R28,TopLayer,0
1K 0402,"2,976,378","3,161,417",R29,TopLayer,180
5.1K 0402,"2,472,441","2,968,504",R30,BottomLayer,180
10k 0402,"2,535,433","2,968,504",R31,BottomLayer,180
1K 0402,"2,976,378","3,125,984",R32,TopLayer,180
5.1K 0402,"2,748,031","3,149,606",R33,BottomLayer,180
10k 0402,"2,811,024","3,149,606",R34,BottomLayer,180
10k 0402,"2,685,038","3,625,001",R35,TopLayer,270
DNP 0402,"3,175,196","3,690,946",R36,TopLayer,0
10k 0402,"3,175,196","3,690,946",R37,BottomLayer,180
10K 0.1% 0603,"3,000,000","3,047,244",R38,TopLayer,180
10K 0.1% 0603,"3,248,032","2,771,653",R39,TopLayer,180
10k 0402,"3,653,543","3,964,567",R41,TopLayer,180
DNP 0402,"3,653,543","4,000,000",R42,TopLayer,180
10k 0402,"3,496,063","3,984,252",R43,BottomLayer,270
DNP 0402,"3,578,740","4,003,937",R44,BottomLayer,180
DNP 0402,"3,578,740","3,968,504",R45,BottomLayer,180
10k 0402,"3,437,008","3,933,071",R46,BottomLayer,0
10k 0402,"3,641,732","4,003,937",R47,BottomLayer,180
10k 0402,"3,641,732","3,968,504",R48,BottomLayer,180
DNP 0402,"3,437,008","3,897,637",R49,BottomLayer,180
2.43K 0402,"3,437,008","4,003,937",R50,BottomLayer,0
2.43K 0402,"3,437,008","3,968,504",R52,BottomLayer,0
2.43K 0402,"3,433,071","3,838,582",R56,TopLayer,180
2.43K 0402,"3,433,071","3,803,149",R57,TopLayer,180
DNP 0402,"3,346,457","3,940,945",R58,BottomLayer,270
10k 0402,"3,346,457","4,003,937",R59,BottomLayer,270
5.1K 0402,"3,311,024","3,940,945",R60,BottomLayer,270
5.1K 0402,"3,275,591","3,940,945",R61,BottomLayer,270
TS-1109S-C-D,"3,069,727","3,384,409",S1,TopLayer,0
Test Point TH,"2,822,835","2,779,528",T1,TopLayer,0
Test Point TH,"2,744,095","2,779,528",T2,TopLayer,0
TP,"3,248,032","3,185,039",T3,TopLayer,0
TP,"3,248,032","3,456,693",T4,TopLayer,0
TP,"3,299,213","3,159,449",T5,BottomLayer,180
TP,"3,259,843","2,913,386",T6,TopLayer,0
,"2,598,425","3,248,032",T7,TopLayer,0
,"2,779,528","3,263,780",T8,BottomLayer,180
Test Point TH,"2,559,054","3,759,843",T9,TopLayer,180
Test Point TH,"2,559,054","3,681,103",T10,TopLayer,0
Test Point TH,"2,622,046","3,641,733",T11,TopLayer,270
Test Point TH,"2,622,046","3,720,473",T12,TopLayer,270
Test Point TH,"2,559,054","3,602,363",T13,TopLayer,270
TP,"2,755,905","3,527,559",T14,BottomLayer,90
TP,"2,818,898","3,311,024",T15,TopLayer,90
TP,"2,933,071","3,507,874",T16,TopLayer,90
TP,"3,349,410","3,806,102",T17,TopLayer,90
TP,"3,330,709","3,649,606",T18,BottomLayer,90
TP,"3,677,165","3,669,291",T19,TopLayer,90
TP,"3,645,669","3,791,339",T20,TopLayer,90
TP,"2,870,079","2,987,205",T21,TopLayer,90
TP,"3,224,409","2,972,441",T23,TopLayer,90
TP,"3,070,866","3,547,244",T24,BottomLayer,90
TP,"3,437,008","3,748,032",T25,TopLayer,90
TP,"2,976,378","3,582,677",T26,BottomLayer,90
TP,"3,362,205","3,881,890",T27,TopLayer,90
TP,"3,291,339","3,700,787",T28,TopLayer,90
TP,"3,204,724","3,795,276",T29,BottomLayer,90
Test Point TH,"3,070,866","3,385,827",TP1,BottomLayer,90
TP4054,"2,783,465","2,905,512",U1,TopLayer,90
TPS63020DSJR,"3,401,575","3,484,252",U2,TopLayer,0
TPS2117DRLR,"3,452,756","2,893,701",U3,BottomLayer,225
W25Q256JVEIQ,"3,531,496","3,724,409",U4,BottomLayer,180
THVD1426DRLR,"2,720,472","3,374,016",U5,TopLayer,180
PT2041AD6,"2,960,630","3,456,693",U6,BottomLayer,180
TLV8802DGKR,"3,070,866","2,944,882",U7,TopLayer,0
SMD ERM Motor,"2,523,622","2,829,724",U8,TopLayer,270
STM32WB55CGU6,"2,964,566","3,740,159",U9,TopLayer,180
MLPF-WB55-01E3,"2,884,911","3,959,717",U10,TopLayer,45
REF3025AIDBZR,"3,000,000","3,047,244",U11,BottomLayer,180
BNO085,"3,507,874","3,940,945",U13,TopLayer,180
ICM-45686,"3,291,339","3,964,567",U14,TopLayer,180
32.768KHz XTAL,"3,220,472","3,578,741",Y1,TopLayer,45
32MHz 2016-4P,"2,720,471","3,885,828",Y2,TopLayer,270
32.768KHz XTAL,"3,539,370","3,783,465",Y5,TopLayer,180
